,feature,coefficient
0,GDP_lag1,-0.008103670224569535
1,hospitality_index,0.016124147902803424
